{"cameraMode":{"drawMode":0,"name":"Shaded","section":"Shading Mode"},"sceneLighting":true,"audioPlay":false,"sceneViewState":{"showFog":true,"showMaterialUpdate":true,"showSkybox":true,"showFlares":true,"showImageEffects":true,"showParticleSystems":true},"in2DMode":false,"pivot":{"x":1102.41015625,"y":609.5234375,"z":1.812255859375},"rotation":{"x":-0.00010306057083653286,"y":0.9998825192451477,"z":-0.007808947470039129,"w":-0.01319835614413023},"size":2215.23095703125,"orthographic":false}